StateAbbv,StateName,R_Year,R_TotalStudents,R_FCS,A_Year,A_Total,A_Total_Pass,A_Black,A_Black_Pass,A_Hispanic,A_Hispanic_Pass,A_Asian,A_Asian_Pass,A_White,A_White_Pass,A_Female,A_Female_Pass,A_Male,A_Male_Pass,P_Year,P_Total,P_Total_Pass,P_Black,P_Black_Pass,P_Hispanic,P_Hispanic_Pass,P_Asian,P_Asian_Pass,P_White,P_White_Pass,P_Female,P_Female_Pass,P_Male,P_Male_Pass,PnA_Total,PnA_Total_Pass,PnA_Black,PnA_Black_Pass,PnA_Hispanic,PnA_Hispanic_Pass,PnA_Asian,PnA_Asian_Pass,PnA_White,PnA_White_Pass,PnA_Female,PnA_Female_Pass,PnA_Male,PnA_Male_Pass,PRatio,Black_PRatio,Hispanic_PRatio,White_PRatio,Female P_Ratio,Male_PRatio,A_Total_PassRate,A_Black_PassRate,A_Hispanic_PassRate,A_WhitePassRate,A_Female_PassRate,A_MalePassRate,P_Total_PassRate,P_Black_PassRate,P_Hispanic_PassRate,P_WhitePassRate,P_Female_PassRate,P_MalePassRate,PnA_Total_PassRate,PnA_Black_PassRate,PnA_Hispanic_PassRate,PnA_WhitePassRate,PnA_Female_PassRate,PnA_MalePassRate,RS_BlackWhite_A_PassRate,RS_HispanicWhite_A_PassRate,RS_FemaleMale_A_PassRate,RS_BlackWhite_P_PassRate,RS_HispanicWhite_P_PassRate,RS_FemaleMale_P_PassRate,RS_BlackWhite_PnA_PassRate,RS_HispanicWhite_PnA_PassRate,RS_FemaleMale_PnA_PassRate,PRatio_ZS,PnA_Total_PassRate_ZS,P_Total_PassRate_ZS,A_Total_PassRate_ZS,RS_BlackWhite_PnA_PassRate_ZS,RS_HispanicWhite_PnA_PassRate_ZS,RS_FemaleMale_PnA_PassRate_ZS
AK,Alaska,21,61187,,2019,62,43,0,0,5,4,1,0,44,32,15,10,47,33,2020,65,45,0,0,6,3,9,7,41,28,12,11,53,34,127,88,0,0,11,7,10,7,85,60,27,21,100,67,0.511811024,,0.864864865,0.482352941,0.444444444,0.53,0.693548387,,0.5,0.727272727,0.666666667,0.70212766,0.692307692,,0.5,0.682926829,0.916666667,0.641509434,0.692913386,,0.636363636,0.705882353,0.777777778,0.67,,0.6875,0.949494949,,0.745011086,1.428921569,,0.901515152,1.160862355,-1.045025839,0.246665524,0.068192471,0.421119403,,0.702213823,1.301659418
AL,Alabama,21,262216,12267,2020,310,202,17,7,20,9,61,47,192,128,55,37,255,165,2020,1892,1047,311,144,142,75,143,104,1112,626,754,425,1132,618,2202,1249,328,151,162,84,204,151,1304,754,809,462,1387,783,0.859218892,0.948170732,0.864864865,0.852760736,0.932014833,0.816149964,0.651612903,0.411764706,0.528169014,0.666666667,0.672727273,0.647058824,0.553382664,0.463022508,0.528169014,0.56294964,0.563660477,0.545936396,0.567211626,0.460365854,0.518518519,0.578220859,0.571075402,0.564527758,0.617647059,0.792253521,1.039669421,0.822493656,0.998738891,1.03246547,0.79617649,0.896748207,1.011598445,1.921713359,-1.332046864,-1.494417714,0.044148117,0.915637606,0.684037005,0.054070885
AR,Arkansas,21,159278,10300,2020,405,176,16,1,50,10,53,29,262,125,79,18,325,158,2020,939,494,103,33,93,47,83,59,567,309,363,194,572,298,1344,670,119,34,143,57,136,88,829,434,442,212,897,456,0.698660714,0.865546218,0.714285714,0.683956574,0.821266968,0.637681159,0.434567901,0.0625,0.505376344,0.477099237,0.227848101,0.486153846,0.526091587,0.32038835,0.505376344,0.544973545,0.534435262,0.520979021,0.498511905,0.285714286,0.398601399,0.523522316,0.479638009,0.508361204,0.131,1.059268817,0.468674892,0.587897069,1.01971854,1.025828757,0.545753785,0.761383778,0.943498452,0.550603829,-2.194859769,-1.801384107,-1.906937836,0.10951248,0.167879395,-0.515127456
AZ,Arizona,20,407289,11857,2020,659,421,12,6,106,47,193,154,283,175,191,119,468,302,2020,1129,702,40,17,285,146,206,166,456,282,289,198,840,504,1788,1123,52,23,391,193,399,320,739,457,480,317,1308,806,0.631431767,0.769230769,0.622775801,0.617050068,0.602083333,0.642201835,0.638846737,0.5,0.512280702,0.618374558,0.623036649,0.645299145,0.621789194,0.425,0.512280702,0.618421053,0.685121107,0.6,0.628076063,0.442307692,0.493606138,0.618403248,0.660416667,0.616207951,0.808571429,0.828431078,0.965500503,0.687234043,0.90264487,1.141868512,0.715241542,0.798194608,1.071743176,-0.023507383,-0.567638789,-0.72499019,-0.070610972,0.655103342,0.30824264,0.556776979
CA,California,19,2013095,,2019,12423,9050,169,73,1935,764,6286,5045,2910,2276,3320,2344,9103,6706,2020,20269,15251,471,280,5741,3560,6996,5868,4842,3804,7039,5556,13207,9682,32692,24301,640,353,7676,4324,13282,10913,7752,6080,10359,7900,22310,16388,0.619998776,0.7359375,0.540489195,0.624613003,0.679505744,0.591976692,0.728487483,0.431952663,0.620101028,0.782130584,0.706024096,0.736680215,0.752429819,0.59447983,0.620101028,0.785625774,0.789316664,0.733096085,0.743331702,0.5515625,0.563314226,0.784313725,0.762621875,0.734558494,0.552276911,0.792835672,0.958386124,0.756695935,0.995323943,1.076689236,0.703242188,0.718225638,1.038204419,-0.121141044,0.879878777,0.744438129,0.735197951,0.616476728,0.003313253,0.276450888
CO,Colorado,21,323033,,2019,1046,727,23,7,123,60,168,127,664,482,228,146,818,581,2020,1777,1268,49,27,316,177,222,180,1088,807,520,390,1255,878,2823,1995,72,34,439,237,390,307,1752,1289,748,536,2073,1459,0.629472193,0.680555556,0.796694215,0.621004566,0.695187166,0.605402798,0.695028681,0.304347826,0.560126582,0.725903614,0.640350877,0.710268949,0.713562183,0.551020408,0.560126582,0.741727941,0.75,0.699601594,0.706695005,0.472222222,0.539863326,0.735730594,0.71657754,0.703810902,0.419267545,0.771626661,0.901561132,0.74288749,0.988970588,1.072038724,0.641841221,0.733778547,1.018139301,-0.040241451,0.419751513,0.307260151,0.434426229,0.418823475,0.062617991,0.108741151
CT,Connecticut,20,169150,8960,2020,1337,986,41,21,102,63,353,283,717,520,309,237,1026,747,2020,2111,1679,97,57,223,146,406,350,1191,971,651,562,1459,1117,3448,2665,138,78,325,209,759,633,1908,1491,960,799,2485,1864,0.612238979,0.702898551,0.836012862,0.624213836,0.678125,0.587122736,0.737471952,0.512195122,0.65470852,0.725244073,0.766990291,0.728070175,0.79535765,0.587628866,0.65470852,0.815281276,0.86328725,0.765592872,0.772911833,0.565217391,0.643076923,0.781446541,0.832291667,0.750100604,0.706238274,0.902742325,1.053456545,0.720768259,0.944391656,1.127606176,0.7232963,0.822931435,1.109573386,-0.187406944,1.251381286,1.22728465,0.815962178,0.681032071,0.402566541,0.872972207
DE,Delaware,21,20826,,2019,239,108,17,5,19,4,57,38,121,53,52,21,187,87,2020,290,176,171,93,33,22,7,2,50,40,136,82,153,93,529,284,188,98,52,26,64,40,171,93,188,103,340,180,0.548204159,0.909574468,0.736111111,0.292397661,0.723404255,0.45,0.451882845,0.294117647,0.666666667,0.438016529,0.403846154,0.465240642,0.606896552,0.543859649,0.666666667,0.8,0.602941176,0.607843137,0.536862004,0.521276596,0.5,0.543859649,0.54787234,0.529411765,0.671476138,1.522012579,0.868037135,0.679824561,1.326829268,0.991935484,0.958476321,0.919354839,1.034869976,-0.734241454,-1.713213558,-0.892500643,-1.751288346,1.438090124,0.770238269,0.248580703
DC,District of Columbia,21,49864,1701,2019,152,89,36,7,18,11,8,5,80,62,32,16,120,73,2019,196,76,105,22,27,10,6,4,31,28,104,40,92,36,348,165,141,29,45,21,14,9,111,90,136,56,212,109,0.563218391,0.744680851,0.775,0.279279279,0.764705882,0.433962264,0.585526316,0.194444444,0.37037037,0.775,0.5,0.608333333,0.387755102,0.20952381,0.37037037,0.903225806,0.384615385,0.391304348,0.474137931,0.205673759,0.466666667,0.810810811,0.411764706,0.514150943,0.250896057,0.477897252,0.821917808,0.231972789,2.348387097,0.982905983,0.253664303,0.575555556,0.800863465,-0.606025271,-2.500977156,-3.35737443,-0.549925053,-0.83074041,-0.540701515,-1.707309641
FL,Florida,21,932983,23299,2019,3057,1628,182,56,893,425,547,352,1250,698,670,332,2387,1296,2020,11443,7616,1011,468,3687,2390,1310,1031,4603,3204,3793,2657,7626,4946,14500,9244,1193,524,4580,2815,1857,1383,5853,3902,4463,2989,10013,6242,0.789172414,0.84744342,0.438717788,0.786434307,0.849876765,0.761609907,0.53254825,0.307692308,0.648223488,0.5584,0.495522388,0.54294093,0.665559731,0.462908012,0.648223488,0.696067782,0.700500923,0.648570679,0.637517241,0.439228835,0.614628821,0.666666667,0.669728882,0.623389594,0.551024906,1.160858682,0.912663534,0.665032952,0.99367147,1.08006875,0.658843252,0.921943231,1.074334395,1.323541437,-0.449065224,-0.232665031,-1.02616159,0.473553995,0.78010806,0.578435095
GA,Georgia,21,544289,18041,2020,2295,1466,177,69,216,112,801,541,944,632,557,331,1738,1135,2020,4471,3249,541,311,419,273,1245,1051,1932,1379,1415,1141,3051,2106,6766,4715,718,380,635,385,2046,1592,2876,2011,1972,1472,4789,3241,0.66080402,0.753481894,0.745283019,0.671766342,0.717545639,0.637084986,0.638779956,0.389830508,0.651551313,0.669491525,0.594254937,0.653049482,0.726683069,0.574861368,0.651551313,0.713768116,0.806360424,0.690265487,0.696866686,0.529247911,0.606299213,0.699235049,0.746450304,0.67675924,0.582278481,0.973203226,0.909969234,0.805389531,0.885172554,1.168188819,0.75689557,0.867089277,1.102977633,0.227321172,0.29631578,0.454842118,-0.071211288,0.789190061,0.570944646,0.817843097
HI,Hawaii,21,59099,2294,2019,155,79,0,0,19,5,86,50,14,8,44,21,111,58,2020,610,399,1,0,83,48,255,177,74,58,220,145,388,253,765,478,1,0,102,53,341,227,88,66,264,166,499,311,0.797385621,1,0.296296296,0.840909091,0.833333333,0.77755511,0.509677419,,0.578313253,0.571428571,0.477272727,0.522522523,0.654098361,0,0.578313253,0.783783784,0.659090909,0.652061856,0.624836601,0,0.519607843,0.75,0.628787879,0.623246493,,1.012048193,0.913401254,0,1.189189189,1.010779734,0,0.692810458,1.008891162,1.393679294,-0.608323802,-0.361580994,-1.231754697,-1.647300428,-0.093597279,0.03144268
ID,Idaho,21,164316,5799,2020,166,114,1,0,1,0,35,31,109,68,44,30,122,84,2020,309,171,2,0,41,23,23,17,202,106,89,50,220,121,475,285,3,0,42,23,58,48,311,174,133,80,342,205,0.650526316,0.666666667,0.985507246,0.649517685,0.669172932,0.643274854,0.686746988,0,0.56097561,0.623853211,0.681818182,0.68852459,0.553398058,0,0.56097561,0.524752475,0.561797753,0.55,0.6,0,0.547619048,0.559485531,0.601503759,0.599415205,0,0.899210904,0.99025974,0,0.934059406,1.02145046,0,0.978790367,1.003484321,0.139553246,-0.920251416,-1.494244559,0.359979482,-1.647300428,0.996871662,-0.013749181
IL,Illinois,21,114591,2184,2019,3619,2785,80,34,388,192,1049,854,1810,1466,831,631,2788,2154,2020,4844,3666,291,152,1069,703,1102,923,1979,1595,1796,1450,3045,2214,8463,6451,371,186,1457,895,2151,1777,3789,3061,2627,2081,5833,4368,0.572373863,0.784366577,0.790722762,0.522301399,0.683669585,0.52202983,0.769549599,0.425,0.657623948,0.809944751,0.759326113,0.772596844,0.756812552,0.52233677,0.657623948,0.805962607,0.807349666,0.727093596,0.762259246,0.501347709,0.614275909,0.807864872,0.792158356,0.748842791,0.524727149,0.811936798,0.982823214,0.648090575,0.998281961,1.110379283,0.620583623,0.760369625,1.057843335,-0.527840809,1.117593416,0.793734522,1.104318262,0.350394041,0.164012332,0.440598311
IN,Indiana,20,616175,25078,2019,824,476,30,7,73,36,143,105,518,292,170,86,654,390,2020,2096,1476,106,67,182,111,244,207,1373,959,561,457,1525,1017,2920,1952,136,74,255,147,387,312,1891,1251,731,543,2179,1407,0.717808219,0.779411765,0.8,0.726070862,0.76744186,0.699862322,0.577669903,0.233333333,0.60989011,0.563706564,0.505882353,0.596330275,0.704198473,0.632075472,0.60989011,0.698470503,0.814616756,0.666885246,0.668493151,0.544117647,0.576470588,0.661554733,0.742818057,0.645709041,0.413926941,1.081928346,0.848325792,0.904942255,0.857422214,1.221524634,0.82248319,0.871387596,1.150391292,0.714116686,-0.060032868,0.201938389,-0.620548826,1.000320392,0.587334551,1.21413941
IA,Iowa,21,342616,16093,2020,288,204,7,3,14,7,60,43,174,127,55,37,231,165,2019,327,224,23,7,37,16,47,36,204,155,87,54,240,170,615,428,30,10,51,23,107,79,378,282,142,91,471,335,0.531707317,0.766666667,0.90070922,0.53968254,0.612676056,0.50955414,0.708333333,0.428571429,0.432432432,0.729885057,0.672727273,0.714285714,0.685015291,0.304347826,0.432432432,0.759803922,0.620689655,0.708333333,0.695934959,0.333333333,0.450980392,0.746031746,0.64084507,0.711252654,0.587176603,0.592466482,0.941818182,0.40056101,1.22412854,0.876267748,0.446808511,0.604505632,0.901009039,-0.875118594,0.284614043,-0.013831492,0.554025946,-0.208998066,-0.430312085,-0.870265573
KS,Kansas,20,159224,4650,2020,147,113,2,0,10,6,36,30,82,62,24,19,123,94,2020,150,102,3,0,21,13,30,25,82,56,24,19,126,83,297,215,5,0,31,19,66,55,164,118,48,38,249,177,0.505050505,0.6,0.861111111,0.5,0.5,0.506024096,0.768707483,0,0.619047619,0.756097561,0.791666667,0.764227642,0.68,0,0.619047619,0.682926829,0.791666667,0.658730159,0.723905724,0,0.612903226,0.719512195,0.791666667,0.710843373,0,0.818740399,1.035904255,0,0.862644416,1.201807229,0,0.851831602,1.113700565,-1.102758254,0.635904212,-0.07024281,1.096748213,-1.647300428,0.512765663,0.907468295
KY,Kentucky,21,214207,7626,2020,522,299,5,4,19,8,87,63,372,201,135,86,386,213,2020,1266,780,54,27,73,37,126,101,902,555,405,277,852,500,1788,1079,59,31,92,45,213,164,1274,756,540,363,1238,713,0.708053691,0.915254237,0.913636364,0.708006279,0.75,0.688206785,0.572796935,0.8,0.506849315,0.540322581,0.637037037,0.551813472,0.616113744,0.5,0.506849315,0.615299335,0.683950617,0.58685446,0.603467562,0.525423729,0.489130435,0.593406593,0.672222222,0.575928918,1.480597015,0.938049479,1.154442706,0.812612613,0.899625381,1.165451852,0.885436284,0.824275362,1.167196509,0.6308165,-0.87670165,-0.788826893,-0.664353472,1.202970031,0.407691066,1.35460201
LA,Louisiana,21,244519,4564,2020,275,121,23,7,30,12,29,13,182,85,76,28,199,93,2020,727,419,103,41,67,36,71,61,420,247,273,164,452,254,1002,540,126,48,97,48,100,74,602,332,349,192,651,347,0.725548902,0.817460317,0.739130435,0.697674419,0.782234957,0.694316436,0.44,0.304347826,0.537313433,0.467032967,0.368421053,0.467336683,0.576341128,0.398058252,0.537313433,0.588095238,0.600732601,0.561946903,0.538922156,0.380952381,0.494845361,0.551495017,0.550143266,0.533026114,0.651662404,1.15048288,0.788341822,0.676860186,0.978963415,1.069020219,0.690763052,0.897279841,1.03211316,0.780219357,-1.687339717,-1.236183973,-1.858106988,0.576305672,0.686064176,0.225538478
ME,Maine,20,327368,19267,2019,148,96,1,0,1,0,30,14,103,73,28,14,120,82,2019,185,132,1,0,6,4,27,16,143,106,49,34,136,98,333,228,2,0,7,4,57,30,246,179,77,48,256,180,0.555555556,0.5,0.986486486,0.581300813,0.636363636,0.53125,0.648648649,0,0.666666667,0.708737864,0.5,0.683333333,0.713513514,0,0.666666667,0.741258741,0.693877551,0.720588235,0.684684685,0,0.571428571,0.727642276,0.623376623,0.703125,0,0.940639269,0.731707317,0,1.068284657,0.962932112,0,0.785315243,0.886580087,-0.671463149,0.143319697,0.306712718,0.017501498,-1.647300428,0.25913238,-0.990866701
MD,Maryland,20,270650,33929,2020,2147,1462,263,112,121,61,671,504,835,584,563,382,1582,1078,2020,5474,4198,672,423,416,298,1334,1148,2400,1817,2213,1813,3252,2378,7621,5660,935,535,537,359,2005,1652,3235,2401,2776,2195,4834,3456,0.718278441,0.718716578,0.828368794,0.741885626,0.797190202,0.672734795,0.680950163,0.425855513,0.716346154,0.699401198,0.678507993,0.681415929,0.766898064,0.629464286,0.716346154,0.757083333,0.819249887,0.731242312,0.742684687,0.572192513,0.668528864,0.742194745,0.790706052,0.714935871,0.608885879,1.024227806,0.995732509,0.831433289,0.924117715,1.120353504,0.770946598,0.900745887,1.105981787,0.718132214,0.871752793,0.907175015,0.307869995,0.834421129,0.699280544,0.842952638
MA,Massachusetts,21,54378,,2019,2605,1913,90,36,194,105,824,686,1294,931,622,446,1983,1467,2020,3146,2329,252,151,310,186,534,451,1757,1323,1023,801,2117,1526,5751,4242,342,187,504,291,1358,1137,3051,2254,1645,1247,4100,2993,0.547035298,0.736842105,0.827555556,0.575876762,0.621884498,0.516341463,0.734357006,0.4,0.6,0.719474498,0.717041801,0.7397882,0.740305149,0.599206349,0.6,0.752988048,0.782991202,0.720831365,0.73761085,0.546783626,0.577380952,0.738774172,0.758054711,0.73,0.555961332,0.833941998,0.969252823,0.795771395,0.961681364,1.086233536,0.740122823,0.781539168,1.038431111,-0.744223106,0.808029509,0.608061464,0.787960943,0.735197619,0.244733843,0.278345641
MI,Michigan,21,542475,,2020,1453,1060,19,9,57,36,429,338,850,611,343,256,1108,804,2020,3160,2339,144,70,177,117,410,349,2255,1678,1003,798,2150,1537,4613,3399,163,79,234,153,839,687,3105,2289,1346,1054,3258,2341,0.685020594,0.883435583,0.914670659,0.726247987,0.745170877,0.659914058,0.72952512,0.473684211,0.661016949,0.718823529,0.746355685,0.725631769,0.740189873,0.486111111,0.661016949,0.744124169,0.795613161,0.714883721,0.736830696,0.484662577,0.653846154,0.737198068,0.783060921,0.718538981,0.658971488,0.91958168,1.028559825,0.653266124,0.935283886,1.112926672,0.657438751,0.886934167,1.089796019,0.43412207,0.798231401,0.606764855,0.744525602,0.469032824,0.646615124,0.707667574
MN,Minnesota,20,309507,,2020,943,614,31,12,45,18,208,145,556,365,200,129,743,485,2020,866,636,51,34,67,39,168,138,470,352,218,180,645,455,1809,1250,82,46,112,57,376,283,1026,717,418,309,1388,940,0.478717523,0.62195122,0.890243902,0.458089669,0.5215311,0.464697406,0.651113468,0.387096774,0.582089552,0.65647482,0.645,0.652759085,0.734411085,0.666666667,0.582089552,0.74893617,0.825688073,0.705426357,0.690989497,0.56097561,0.508928571,0.698830409,0.73923445,0.677233429,0.589659744,0.886689838,0.988113402,0.890151515,0.907044917,1.170480895,0.802734973,0.728257621,1.091550443,-1.327632518,0.222503037,0.541765819,0.039658533,0.936749742,0.04156617,0.722331524
MS,Mississippi,20,278007,9121,2019,27,15,5,1,1,0,5,4,14,8,8,5,19,10,2019,300,167,37,12,21,6,27,16,192,123,113,64,187,103,327,182,42,13,22,6,32,20,206,131,121,69,206,113,0.917431193,0.880952381,0.888888889,0.932038835,0.933884298,0.90776699,0.555555556,0.2,0.285714286,0.571428571,0.625,0.526315789,0.556666667,0.324324324,0.285714286,0.640625,0.566371681,0.550802139,0.556574924,0.30952381,0.272727273,0.63592233,0.570247934,0.548543689,0.35,0.5,1.1875,0.50626236,1.131103516,1.028267033,0.486732097,0.428868841,1.03956703,2.41882563,-1.465635237,-1.457479688,-0.819341666,-0.080481737,-1.100032088,0.28783996
MO,Missouri,21,155429,8144,2020,569,408,22,14,20,13,116,96,360,248,100,69,467,339,2020,506,325,39,16,16,13,54,38,339,222,114,70,391,255,1075,733,61,30,36,26,170,134,699,470,214,139,858,594,0.470697674,0.639344262,0.925373134,0.484978541,0.53271028,0.455710956,0.717047452,0.636363636,0.8125,0.688888889,0.69,0.725910064,0.64229249,0.41025641,0.8125,0.654867257,0.614035088,0.652173913,0.681860465,0.491803279,0.722222222,0.672389127,0.64953271,0.692307692,0.923753666,1.179435484,0.950530973,0.626472626,1.066498104,0.941520468,0.731426578,1.074113475,0.938213915,-1.396119167,0.107849784,-0.49437185,0.632359904,0.707203908,1.360347857,-0.559297061
MT,Montana,21,42916,,2019,16,14,0,0,1,0,0,0,13,11,2,0,14,12,2019,36,27,0,0,0,0,2,0,33,24,12,8,24,19,52,41,0,0,1,0,2,0,46,35,14,8,38,31,0.692307692,,0.916666667,0.717391304,0.857142857,0.631578947,0.875,,0,0.846153846,0,0.857142857,0.75,,,0.727272727,0.666666667,0.791666667,0.788461538,,0,0.760869565,0.571428571,0.815789474,,0,0,,1.090909091,0.842105263,,0,0.700460829,0.496351289,1.446673004,0.71710785,2.05224516,,-2.735350291,-2.546502291
NE,Nebraska,21,519747,,2019,147,106,5,1,10,3,20,18,103,78,21,18,126,88,2020,253,169,8,3,10,3,25,23,175,119,76,54,177,115,400,275,13,4,20,6,45,41,278,197,97,72,303,203,0.6325,0.615384615,0.886363636,0.629496403,0.783505155,0.584158416,0.721088435,0.2,0.3,0.757281553,0.857142857,0.698412698,0.66798419,0.375,0.3,0.68,0.710526316,0.649717514,0.6875,0.307692308,0.3,0.708633094,0.742268041,0.669966997,0.264102564,0.396153846,1.227272727,0.551470588,0.957037037,1.093592677,0.434205389,0.423350254,1.107917323,-0.014385057,0.178677779,-0.205395041,0.66868558,-0.249568243,-1.121074993,0.859130376
NV,Nevada,21,36944,,2020,353,172,12,7,80,27,78,46,138,71,68,25,285,147,2019,2041,1033,58,24,836,253,270,193,672,451,777,333,1264,700,2394,1205,70,31,916,280,348,239,810,522,845,358,1549,847,0.852548037,0.828571429,0.470198675,0.82962963,0.919526627,0.816010329,0.487252125,0.583333333,0.302631579,0.514492754,0.367647059,0.515789474,0.506124449,0.413793103,0.302631579,0.671130952,0.428571429,0.553797468,0.503341688,0.442857143,0.305676856,0.644444444,0.423668639,0.54680439,1.133802817,0.588213491,0.712785114,0.616560899,1.565972222,0.773877551,0.687192118,0.474326156,0.774808408,1.864746637,-2.134201605,-2.025971811,-1.433342742,0.56481063,-0.926698968,-1.925084918
NH,New Hampshire,20,105506,2697,2019,230,163,4,0,7,5,70,55,137,93,52,29,178,134,2020,279,215,1,0,16,8,27,23,209,163,81,65,198,150,509,378,5,0,23,13,97,78,346,256,133,94,376,284,0.548133595,0.2,0.93,0.604046243,0.609022556,0.526595745,0.708695652,0,0.5,0.678832117,0.557692308,0.752808989,0.770609319,0,0.5,0.779904306,0.802469136,0.757575758,0.742632613,0,0.565217391,0.739884393,0.706766917,0.755319149,0,0.73655914,0.740815155,0,0.971880751,1.059259259,0,0.76392663,0.935719581,-0.734844041,0.871098785,0.948918721,0.557282945,-1.647300428,0.177575539,-0.580145388
NJ,New Jersey,21,55167,,2020,4639,3511,147,78,413,241,1935,1592,1686,1233,1295,977,3340,2531,2020,4606,3711,180,100,651,441,1347,1184,1990,1629,1510,1274,3093,2435,9245,7222,327,178,1064,682,3282,2776,3676,2862,2805,2251,6433,4966,0.498215251,0.550458716,0.7490887,0.541349293,0.538324421,0.480802114,0.756844147,0.530612245,0.677419355,0.731316726,0.754440154,0.757784431,0.805688233,0.555555556,0.677419355,0.818592965,0.843708609,0.787261558,0.781179016,0.544342508,0.640977444,0.778563656,0.802495544,0.771957096,0.725557376,0.926300918,0.99558677,0.678671305,0.97023185,1.071700505,0.699162494,0.823282,1.039559773,-1.16112888,1.355210411,1.343481662,0.990104949,0.60334396,0.403903279,0.287779304
NM,New Mexico,20,449520,31553,2020,113,52,2,0,27,6,11,8,52,28,22,13,91,39,2020,259,182,4,0,54,32,41,39,94,64,71,48,187,134,372,234,6,0,81,38,52,47,146,92,93,61,278,173,0.696236559,0.666666667,0.509090909,0.643835616,0.76344086,0.672661871,0.460176991,0,0.592592593,0.538461538,0.590909091,0.428571429,0.702702703,0,0.592592593,0.680851064,0.676056338,0.71657754,0.629032258,0,0.469135802,0.630136986,0.655913978,0.622302158,0,1.100529101,1.378787879,0,1.007092199,0.943451755,0,0.744498121,1.054012058,0.529902409,-0.555629748,0.185114161,-1.676729653,-1.647300428,0.103492762,0.408575449
NY,New York,21,110610,2437,2020,4494,3122,207,77,512,229,1531,1171,1829,1324,1139,739,3353,2381,2019,7553,5239,886,345,1416,714,2088,1682,2647,2157,3030,1984,4523,3255,12047,8361,1093,422,1928,943,3619,2853,4476,3481,4169,2723,7876,5636,0.626961069,0.810612992,0.721132898,0.591376229,0.726792996,0.574276282,0.69470405,0.371980676,0.504237288,0.723892838,0.64881475,0.710110349,0.69363167,0.389390519,0.504237288,0.814884775,0.654785479,0.719655096,0.694031709,0.386093321,0.489107884,0.777703307,0.653154234,0.715591671,0.513861523,0.696563444,0.913681586,0.477847336,1.244506486,0.909860129,0.496453233,0.628913211,0.912747116,-0.061685549,0.26071076,0.08308439,0.43150802,-0.04918884,-0.337243635,-0.772155524
NC,North Carolina,21,161249,7652,2019,1387,745,112,22,129,40,313,207,733,425,318,171,1069,574,2019,3138,2249,258,97,330,182,588,471,1736,1340,930,643,2208,1606,4525,2994,370,119,459,222,901,678,2469,1765,1248,814,3277,2180,0.693480663,0.697297297,0.767148014,0.703118672,0.745192308,0.673787,0.537130497,0.196428571,0.551515152,0.579809004,0.537735849,0.536950421,0.716698534,0.375968992,0.551515152,0.771889401,0.691397849,0.727355072,0.661657459,0.321621622,0.483660131,0.714864318,0.65224359,0.6652426,0.338781513,0.951201426,1.001462757,0.487076247,1.116418574,0.950564416,0.449905827,0.676576126,0.980459745,0.50636804,-0.14588363,0.342537405,-0.984970322,-0.199027627,-0.155500348,-0.206194875
ND,North Dakota,20,952239,41026,2020,38,22,1,0,1,0,1,0,31,18,7,2,31,20,2019,50,38,2,0,5,2,2,0,37,29,12,7,38,31,88,60,3,0,6,2,3,0,68,47,19,9,69,51,0.568181818,0.666666667,0.947368421,0.544117647,0.631578947,0.550724638,0.578947368,0,0.4,0.580645161,0.285714286,0.64516129,0.76,0,0.4,0.783783784,0.583333333,0.815789474,0.681818182,0,0.333333333,0.691176471,0.473684211,0.739130435,0,0.688888889,0.442857143,0,1.343629344,0.715053763,0,0.482269504,0.640866873,-0.563639373,0.10731874,0.829586516,-0.609065285,-1.647300428,-0.896410218,-3.044604857
OH,Ohio,20,565557,,2020,1453,1106,61,24,51,30,274,239,930,705,314,245,1139,861,2019,2191,1607,199,64,115,59,266,215,1472,1167,627,434,1564,1173,3644,2713,260,88,166,89,540,454,2402,1872,941,679,2703,2034,0.601262349,0.765384615,0.932539683,0.612822648,0.666312434,0.578616352,0.761183758,0.393442623,0.513043478,0.758064516,0.780254777,0.755926251,0.733455043,0.32160804,0.513043478,0.792798913,0.692185008,0.75,0.744511526,0.338461538,0.536144578,0.779350541,0.721572795,0.752497225,0.519009418,0.676780759,1.032183729,0.405661555,1.145356955,0.922913344,0.434286654,0.687937648,0.95890426,-0.281143446,0.89469641,0.531012385,1.029115074,-0.249306646,-0.112177771,-0.386361505
OK,Oklahoma,21,197146,13952,2019,233,91,14,4,34,6,41,19,109,44,53,13,180,78,2019,394,273,4,0,49,22,47,34,237,175,109,70,285,203,627,364,18,4,83,28,88,53,346,219,162,83,465,281,0.628389155,0.222222222,0.564102564,0.684971098,0.672839506,0.612903226,0.39055794,0.285714286,0.448979592,0.403669725,0.245283019,0.433333333,0.692893401,0,0.448979592,0.738396624,0.642201835,0.712280702,0.580542265,0.222222222,0.337349398,0.632947977,0.512345679,0.604301075,0.707792208,1.112244898,0.566037736,0,1.14978903,0.901613413,0.351090817,0.53298124,0.847831818,-0.049490208,-1.164624826,0.074780444,-2.302557254,-0.517118842,-0.703041482,-1.314735318
OR,Oregon,21,196708,5303,2019,369,281,0,0,33,26,79,65,222,159,63,46,306,235,2020,576,366,11,7,60,38,98,69,328,198,142,98,434,268,945,647,11,7,93,64,177,134,550,357,205,144,740,503,0.60952381,1,0.828125,0.596363636,0.692682927,0.586486486,0.761517615,,0.633333333,0.716216216,0.73015873,0.767973856,0.635416667,0.636363636,0.633333333,0.603658537,0.690140845,0.617511521,0.684656085,0.636363636,0.688172043,0.649090909,0.702439024,0.67972973,,0.88427673,0.950759878,1.054178145,0.8746889,1.117616145,0.980392157,1.06020903,1.0334093,-0.210593523,0.142960504,-0.571710195,1.032116224,1.508638462,1.307328868,0.236371973
PA,Pennsylvania,20,624014,,2020,2362,1682,71,20,124,74,609,473,1339,941,502,364,1859,1317,2019,3050,2396,151,61,165,102,525,450,2024,1639,905,696,2145,1700,5412,4078,222,81,289,176,1134,923,3363,2580,1407,1060,4004,3017,0.563562454,0.68018018,0.883568075,0.601843592,0.643212509,0.535714286,0.712108383,0.281690141,0.618181818,0.702763256,0.725099602,0.708445401,0.78557377,0.40397351,0.618181818,0.809782609,0.769060773,0.792540793,0.753510717,0.364864865,0.60899654,0.767172168,0.753375977,0.753496503,0.400832198,0.879644479,1.023508094,0.498866616,1.052950087,0.970373741,0.475597109,0.793819908,0.999840044,-0.603087096,1.007718968,1.117236874,0.587961056,-0.116325908,0.291561486,-0.04420904
RI,Rhode Island,21,44343,,2019,182,108,2,0,12,8,28,20,126,69,47,24,135,84,2019,515,291,34,5,99,32,43,25,311,214,167,76,348,215,697,399,36,5,111,40,71,45,437,283,214,100,483,299,0.738880918,0.944444444,0.851851852,0.711670481,0.780373832,0.720496894,0.593406593,0,0.323232323,0.547619048,0.510638298,0.622222222,0.565048544,0.147058824,0.323232323,0.688102894,0.45508982,0.617816092,0.572453372,0.138888889,0.36036036,0.647597254,0.46728972,0.619047619,0,0.590250329,0.820668693,0.213716328,1.512015569,0.7366105,0.214468002,0.556457518,0.754852624,0.894070015,-1.266214779,-1.363201454,-0.479086753,-0.956915563,-0.613524174,-2.091880815
SC,South Carolina,21,241394,57897,2020,437,245,24,8,22,7,65,47,282,164,115,60,322,185,2019,1050,725,112,47,101,48,79,66,685,516,356,233,694,492,1487,970,136,55,123,55,144,113,967,680,471,293,1016,677,0.706119704,0.823529412,0.88172043,0.708376422,0.755838641,0.683070866,0.560640732,0.333333333,0.475247525,0.581560284,0.52173913,0.574534161,0.69047619,0.419642857,0.475247525,0.753284672,0.654494382,0.708933718,0.652320108,0.404411765,0.447154472,0.703205791,0.622080679,0.666338583,0.573170732,0.817193915,0.908108108,0.557084025,1.150941387,0.923209555,0.575097318,0.635879962,0.933580458,0.61430094,-0.263153202,0.047591983,-0.773629409,0.203971005,-0.310678744,-0.598024756
SD,South Dakota,21,43793,,2020,9,4,0,0,0,0,4,0,5,2,2,0,6,3,2019,32,28,1,0,2,0,2,0,26,24,6,6,26,22,41,32,1,0,2,0,6,0,31,26,8,6,32,25,0.780487805,1,1,0.838709677,0.75,0.8125,0.444444444,,0,0.4,0,0.5,0.875,0,0,0.923076923,1,0.846153846,0.780487805,0,0,0.838709677,0.75,0.78125,,0,0,0,0.923076923,1.181818182,0,0,0.96,1.249377977,1.346529363,2.123091172,-1.818154475,-1.647300428,-2.735350291,-0.37720301
TN,Tennessee,21,312860,19920,2019,431,291,21,7,28,19,73,54,288,197,128,81,303,210,2020,1521,944,242,106,148,85,227,180,751,479,518,330,998,611,1952,1235,263,113,176,104,300,234,1039,676,646,411,1301,821,0.77920082,0.920152091,0.875555556,0.722810395,0.801857585,0.767102229,0.675174014,0.333333333,0.574324324,0.684027778,0.6328125,0.693069307,0.620644313,0.438016529,0.574324324,0.637816245,0.637065637,0.612224449,0.632684426,0.429657795,0.590909091,0.650625602,0.63622291,0.631053036,0.487309645,0.839621347,0.913058036,0.686744078,1.001178227,1.040575296,0.660376403,0.908216783,1.008192456,1.238387582,-0.509761471,-0.737867659,0.25594637,0.478489297,0.72776779,0.025602699
TX,Texas,20,1714001,64987,2020,6581,4424,198,97,1351,667,2287,1774,2203,1515,1590,1048,4987,3374,2020,7924,5532,362,200,2536,1427,2064,1758,2239,1619,2627,1964,5279,3561,14505,9956,560,297,3887,2094,4351,3532,4442,3134,4217,3012,10266,6935,0.546294381,0.646428571,0.528611305,0.504052229,0.622954707,0.514221703,0.672238262,0.48989899,0.562697161,0.687698593,0.659119497,0.676559054,0.698132256,0.552486188,0.562697161,0.723090665,0.74762086,0.674559576,0.686384006,0.530357143,0.538718806,0.705538046,0.714251838,0.675530879,0.712374571,0.818232241,0.974223157,0.764062121,0.967188991,1.10830961,0.751705944,0.763557415,1.057319303,-0.750550272,0.164661791,0.133706391,0.229555967,0.772484355,0.176167683,0.436218308
UT,Utah,21,287198,26867,2020,232,146,3,0,19,6,24,17,158,100,39,22,193,124,2020,410,300,4,0,31,26,50,44,276,197,117,102,292,198,642,446,7,0,50,32,74,61,434,297,156,124,485,322,0.638629283,0.571428571,0.840336134,0.6359447,0.75,0.602061856,0.629310345,0,0.838709677,0.632911392,0.564102564,0.642487047,0.731707317,0,0.838709677,0.713768116,0.871794872,0.678082192,0.69470405,0,0.64,0.684331797,0.794871795,0.663917526,0,1.32516129,0.877998346,0,0.818734015,1.285677286,0,0.935218855,1.197244784,0.037956836,0.269154816,0.511354193,-0.156336612,-1.647300428,0.830729292,1.6057537
VT,Vermont,20,403527,15491,2020,92,66,1,0,3,0,12,10,69,47,14,10,78,56,2020,65,51,0,0,2,0,18,13,35,31,15,12,50,39,157,117,1,0,5,0,30,23,104,78,29,22,128,95,0.414012739,0,0.94,0.336538462,0.517241379,0.390625,0.717391304,0,0,0.68115942,0.714285714,0.717948718,0.784615385,,0,0.885714286,0.8,0.78,0.74522293,0,0,0.75,0.75862069,0.7421875,0,0,0.994897959,,1.107142857,1.025641026,0,0,1.022141561,-1.880188284,0.90363107,1.106457078,0.635450904,-1.647300428,-2.735350291,0.142193129
VA,Virginia,21,26554,,2019,3473,2502,207,88,246,149,1297,1023,1455,1060,968,684,2505,1818,2020,2324,1729,180,94,205,135,558,469,1118,828,704,568,1614,1160,5797,4231,387,182,451,284,1855,1492,2573,1888,1672,1252,4119,2978,0.400897016,0.465116279,0.811638591,0.434512243,0.421052632,0.39184268,0.720414627,0.425120773,0.658536585,0.728522337,0.70661157,0.725748503,0.743975904,0.522222222,0.658536585,0.740608229,0.806818182,0.718711276,0.729860273,0.470284238,0.629711752,0.733773805,0.748803828,0.722991017,0.583538419,0.903934653,0.973631454,0.705126141,0.91793696,1.122590125,0.640911729,0.858182382,1.035702809,-1.992191879,0.710688525,0.649349618,0.662628505,0.415831387,0.536981798,0.255541749
WA,Washington,20,372859,14988,2020,2442,1814,26,12,151,87,958,766,993,707,727,555,1712,1256,2019,1411,1092,39,16,127,72,400,339,666,526,402,315,1009,777,3853,2906,65,28,278,159,1358,1105,1659,1233,1129,870,2721,2033,0.366208149,0.6,0.824009324,0.401446655,0.356067316,0.370819552,0.742833743,0.461538462,0.566929134,0.711983887,0.763411279,0.73364486,0.773919206,0.41025641,0.566929134,0.78978979,0.78358209,0.770069376,0.754217493,0.430769231,0.571942446,0.743218807,0.770593446,0.747151782,0.648242846,0.796266803,1.040573336,0.519450132,1.007922208,1.017547398,0.579599476,0.769547865,1.0313747,-2.288422415,1.016595502,0.986147891,0.864161005,0.21846371,0.199009849,0.219366229
WV,West Virginia,21,279601,12911,2020,119,77,1,0,5,5,17,13,87,51,27,15,92,62,2019,243,157,5,4,6,3,20,18,198,121,88,57,155,100,362,234,6,4,11,8,37,31,285,172,115,72,247,162,0.671270718,0.833333333,0.910714286,0.694736842,0.765217391,0.627530364,0.647058824,0,0.5,0.586206897,0.555555556,0.673913043,0.646090535,0.8,0.5,0.611111111,0.647727273,0.64516129,0.64640884,0.666666667,0.727272727,0.603508772,0.626086957,0.655870445,0,0.852941176,0.82437276,1.309090909,0.943469786,1.003977273,1.104651163,1.205073996,0.954589372,0.316703039,-0.337393943,-0.451651948,0.003210059,1.908635368,1.859712937,-0.422426517
WI,Wisconsin,21,79972,2790,2019,818,598,13,5,34,24,126,89,602,452,155,109,663,489,2020,1275,972,21,11,77,50,136,114,927,710,296,254,973,716,2093,1570,34,16,111,74,262,203,1529,1162,451,363,1636,1205,0.609173435,0.617647059,0.930041152,0.606278613,0.65631929,0.594743276,0.731051345,0.384615385,0.649350649,0.750830565,0.703225806,0.737556561,0.762352941,0.523809524,0.649350649,0.765911543,0.858108108,0.735868448,0.750119446,0.470588235,0.666666667,0.759973839,0.804878049,0.736552567,0.512253233,0.864843121,0.953453394,0.683903421,0.892558333,1.166116186,0.619216361,0.877223178,1.09276389,-0.213585594,0.965127346,0.856052084,0.758245314,0.345992748,0.60958619,0.732473849
WY,Wyoming,21,30254,1838,2020,22,19,0,0,0,0,2,0,17,15,5,5,17,14,2020,76,55,0,0,4,0,5,5,57,44,30,25,45,29,98,74,0,0,4,0,7,5,74,59,35,30,62,43,0.775510204,,1,0.77027027,0.857142857,0.725806452,0.863636364,,0,0.882352941,1,0.823529412,0.723684211,,0,0.771929825,0.833333333,0.644444444,0.755102041,,0,0.797297297,0.857142857,0.693548387,,0,1.214285714,,0.926315789,1.293103448,,0,1.235880399,1.206871042,1.027704708,0.421111361,1.95009385,,-2.735350291,1.928680719
